student_id,student_name,school,year_group
S0001,Alejandro Escobar,Jenkins-Ortiz,Year 10
S0002,Shannon Orr,Nelson-Miller,Year 12
S0003,Riley Reid,"Delgado, Yang and Padilla",Year 11
S0004,Christine Brown,Newman LLC,Year 10
S0005,Jennifer Mosley,Rodriguez-Mcclain,Year 10
S0006,William Trevino,"Flores, Garcia and Hunt",Year 11
S0007,Kaitlyn Weaver,Jensen PLC,Year 10
S0008,Troy Ramirez,Ross PLC,Year 11
S0009,Chris Allen,"Mcclure, Brooks and Frederick",Year 10
S0010,Thomas Robinson,"Willis, Ellis and Mckinney",Year 12
S0011,Jennifer Phelps,Gordon-Jones,Year 10
S0012,Steven Bryan,Nash-Williams,Year 10
S0013,Stephanie Hernandez,Clark-Brown,Year 10
S0014,Amy Gonzalez,Chavez Inc,Year 11
S0015,Lisa Mcconnell,"Reynolds, Christensen and Gray",Year 11
S0016,Julie Gibbs,"Rogers, Taylor and Saunders",Year 10
S0017,Willie Pugh,Diaz-Black,Year 12
S0018,Christie Miller,Mcdonald LLC,Year 11
S0019,Christopher Lee,"Horton, Martinez and Hill",Year 11
S0020,Eric Cruz,"Adams, Turner and Weiss",Year 10
S0021,Angel Richardson,Lee LLC,Year 12
S0022,Denise Nunez,Nguyen and Sons,Year 12
S0023,Philip Nguyen,Wise-Lee,Year 12
S0024,Jacqueline Goodman,"Miller, Spence and Bryant",Year 12
S0025,Laura Davis,Holden-Good,Year 11
S0026,Denise Johnson,Bryant Inc,Year 10
S0027,Kelly Ramsey,Price-Brown,Year 12
S0028,Jennifer Garcia,King-Miller,Year 11
S0029,Isaiah Lopez,"Lee, Sanders and Schmidt",Year 11
S0030,Ryan Mitchell,"Wood, Marquez and Stevens",Year 11
S0031,Patricia Russell MD,Wagner PLC,Year 11
S0032,Christine Cochran,Harris and Sons,Year 11
S0033,Leslie Coleman,Murray-Myers,Year 12
S0034,Dylan Turner,Hunt-Williams,Year 10
S0035,Ian Graham,Jones-Howard,Year 11
S0036,Karen Allen,Moody-Horton,Year 11
S0037,Thomas Anderson,"Oliver, Bailey and Johnson",Year 10
S0038,Brandon Mayo,"Williams, Dean and Russell",Year 11
S0039,James Stewart,Morse LLC,Year 10
S0040,Ryan Ford,Morse-Braun,Year 10
S0041,Kyle Velazquez,English PLC,Year 10
S0042,Nicholas Wang,"Roberts, Wang and Small",Year 12
S0043,Martin Tanner,Hill Inc,Year 10
S0044,Joshua Schneider,"Fisher, Cohen and Juarez",Year 12
S0045,Seth Rhodes,"Contreras, Robinson and Haas",Year 12
S0046,Craig Garcia,"May, Jones and Wilson",Year 10
S0047,Travis Anderson,"Stevenson, Brown and Thornton",Year 12
S0048,Kathryn Williams,Murillo Ltd,Year 11
S0049,Juan Hamilton,"Stout, Bell and Hamilton",Year 12
S0050,Charlotte Collins,"Patterson, Anderson and Johnson",Year 12
